region,optimization_criteria,morpho_type,threshold,minsize,variance,spatial_autocorrelation
123,0.593271455418,0,0.012,15,1153.13683124,0.162016933499
20,0.585388585367,0,0.011,15,1579.86644253,0.288553627312
15,0.581548370549,0,0.012,15,1507.43872873,0.170752739364
279,0.648833648031,0,0.011,15,1529.49048935,0.392973848151
236,0.655808693694,0,0.011,15,1658.06420164,0.339775288243
16,0.566778336248,0,0.011,15,1232.02177854,0.255580071208
263,0.669277279521,0,0.01,15,1229.24701489,0.420925872922
114,0.527772372466,0,0.012,15,1443.08534577,0.393431460754
1,0.611672767894,0,0.01,15,1144.98778676,0.412742046596
252,0.475090184362,0,0.009,15,879.857044164,0.60923093688
281,0.599156822965,0,0.011,15,1460.00344006,0.48958062317
282,0.644629857777,0,0.011,15,1484.63524003,0.489056496875
264,0.625728593617,0,0.012,15,1758.74123081,0.319110734876
280,0.736907334803,0,0.008,15,913.977567333,0.656984334838
177,0.680246134078,0,0.013,15,1820.24438826,0.417028611011
283,0.67455032535,0,0.011,15,1431.56359814,0.488780729702
229,0.677920771233,0,0.013,15,1605.16249096,0.448536772415
259,0.556666592408,0,0.012,15,1486.93022785,0.167889572025
271,0.593428500467,0,0.011,15,1161.59752661,0.504855820579
69,0.635933293411,0,0.01,15,1405.21482246,0.248318915218
37,0.569176458786,11,0.013,15,2693.22691514,0.143395123423
122,0.678242420136,11,0.011,15,3201.72017021,0.128935582324
220,0.588124433761,11,0.014,15,2992.10724664,0.151336340976
76,0.596516653476,11,0.018,15,3726.45968011,0.047541753464
237,0.635491485089,11,0.014,15,3187.17389893,0.158564430515
226,0.609828375806,11,0.012,15,3413.97300211,0.185573356363
138,0.634940514913,11,0.014,15,2998.22271565,0.17926124338
234,0.603342831387,11,0.014,15,2837.02099321,0.125858632933
183,0.509823808263,11,0.014,15,4261.46734417,0.145805357546
215,0.5556482298,11,0.013,15,3072.28162227,0.132798805733
204,0.588169536108,11,0.014,15,2884.38598416,0.159122480608
94,0.623324699175,11,0.015,15,5367.78277495,0.0841391254546
100,0.782207236123,11,0.013,15,3710.12027219,0.128177977321
241,0.789549883653,11,0.015,15,3558.39945617,0.141200450935
225,0.596831430503,11,0.014,15,3169.66556226,0.18434526673
193,0.650304714935,11,0.015,15,5573.25728314,0.16034211169
135,0.620420114967,11,0.013,15,3118.55928433,0.148534826667
92,0.732228833098,11,0.014,15,2982.90087288,0.205485916298
190,0.613752638013,11,0.015,15,4321.32793021,0.0947020948155
120,0.437153668267,11,0.01,15,3009.93427397,0.278986725928
268,0.583979586185,12,0.013,15,2767.15053897,0.193721956781
243,0.576057287831,12,0.013,15,2918.08142135,0.17027609938
274,0.646247401662,12,0.013,15,2820.78294686,0.220914366516
272,0.64290847391,12,0.015,15,2795.79360068,0.158964388108
275,0.621793437879,12,0.011,15,2178.44248538,0.217475245504
19,0.538870576572,12,0.014,15,2371.56459687,0.280319067406
276,0.65160918083,12,0.016,15,3443.04406934,0.15549815064
251,0.842730336381,12,0.014,15,3485.33992288,0.214460954331
277,0.655993242541,12,0.014,15,2765.10813304,0.201652741203
267,0.596173872852,12,0.01,15,2198.53504517,0.227012421426
158,0.541986175487,12,0.014,15,2876.00268667,0.149553604917
254,0.577682061003,12,0.015,15,3496.5847496,0.184325183836
140,0.603103095492,13,0.012,15,2016.93671858,0.210871071489
164,0.608955919374,13,0.019,15,2586.30174752,0.0767696084491
159,0.684402529502,13,0.013,15,2162.85823518,0.110910090194
42,0.762305471515,13,0.019,15,2837.65009272,0.216336621491
270,0.612957683999,13,0.012,15,2094.26596956,0.332648883869
57,0.594641036932,13,0.012,15,2162.69717829,0.452863336883
150,0.782785593036,13,0.012,15,2440.36849054,0.255092374506
58,0.689786979192,13,0.013,15,2513.8270815,0.200661410572
170,0.668588794217,13,0.013,15,2333.1451829,0.301372382491
174,0.5405423747,13,0.013,15,1850.31977082,0.242544807635
151,0.624812455422,13,0.013,15,2334.24122539,0.184536018146
136,0.705719965188,13,0.013,15,2436.32371423,0.284542633286
17,0.529076795738,13,0.015,15,1522.34835776,0.240125474595
161,0.674721460881,13,0.013,15,2506.82041339,0.258354763501
228,0.606947693028,13,0.02,15,1829.46479309,0.277124625973
199,0.666576805282,13,0.015,15,1890.33567713,0.299630365067
143,0.6817568646,13,0.012,15,1903.02579002,0.246373544934
182,0.670462624032,13,0.014,15,2194.16663538,0.127200985276
224,0.630382848023,14,0.015,15,2289.39409115,0.244225391716
230,0.65360749454,14,0.013,15,1998.82234581,0.215105612698
198,0.672975606882,14,0.014,15,2070.25138361,0.184297537478
33,0.609745344917,14,0.011,15,1405.1883943,0.313855517072
43,0.61329430896,14,0.012,15,1452.90069647,0.272344140798
214,0.555387661868,14,0.012,15,1454.39064748,0.219194753707
171,0.589674375954,14,0.02,15,1610.62574126,0.293089860642
168,0.597652596883,14,0.013,15,1968.49440205,0.344817513656
188,0.580049299827,14,0.009,15,834.692403033,0.319627221775
46,0.54545295398,14,0.013,15,1889.20350301,0.187154576526
28,0.57654013638,14,0.011,15,1448.02772853,0.285054811823
147,0.678424850812,14,0.015,15,1434.44332607,0.144764679827
149,0.606883354876,14,0.022,15,2119.87027127,0.228989469301
54,0.579110349467,14,0.015,15,1351.68457494,0.260214553607
32,0.545258435828,14,0.014,15,2095.96810083,0.209717756781
55,0.65390148202,21,0.015,15,3413.94376729,0.232092216231
194,0.622397895163,21,0.015,15,3181.82220634,0.199742175652
212,0.619472027676,21,0.015,15,2778.77393425,0.203106128087
213,0.652376545667,21,0.015,15,2973.63862929,0.226957562353
211,0.568916560258,21,0.014,15,2679.20604728,0.27638350147
132,0.626568326977,21,0.013,15,2526.0381079,0.246703457801
60,0.630895001489,21,0.014,15,2595.68468385,0.153244375333
266,0.658288528606,21,0.017,15,3953.37755348,0.191749994446
73,0.73778984827,21,0.016,15,3513.39951308,0.176718242936
104,0.76823321014,21,0.021,15,3600.13010136,0.1999196116
110,0.65980282939,21,0.016,15,3302.24363264,0.224787866898
88,0.724684076949,21,0.016,15,3076.50040182,0.0858613100457
72,0.63838187399,21,0.015,15,2994.40638733,0.230501237826
107,0.597579276745,22,0.016,15,3539.16386954,0.261860751497
172,0.56847045653,22,0.013,15,2699.33956759,0.356350430541
105,0.65593979326,22,0.016,15,3048.61987509,0.236449941856
31,0.647145750123,22,0.015,15,3209.12228183,0.275524862766
117,0.575550841514,22,0.014,15,2669.22171938,0.293702585273
253,0.589018256413,22,0.014,15,2626.6309774,0.307476310094
127,0.556947653281,22,0.015,15,2653.10801147,0.331545799414
93,0.60437602619,22,0.013,15,2612.65118203,0.296118305151
6,0.64590408302,22,0.016,15,3510.25834077,0.302006701958
202,0.633010288676,22,0.013,15,2094.87413581,0.20742344703
262,0.507403095894,22,0.014,15,2498.65821011,0.360313351894
70,0.647091137614,22,0.013,15,2490.50939416,0.240402112833
265,0.802102031237,22,0.015,15,2889.37828605,0.229738396504
85,0.658288364765,22,0.015,15,3059.43092266,0.262683228435
261,0.546436751914,23,0.015,15,2396.63225993,0.424713221226
222,0.563237988364,23,0.012,15,2107.31469222,0.299203904663
71,0.619773660784,23,0.015,15,2267.17341789,0.219330610152
27,0.613700156329,23,0.016,15,2721.14980623,0.252651887268
260,0.588370025203,23,0.027,15,2252.29160388,0.257805043528
129,0.581206788818,23,0.022,15,3356.68676368,0.414671527033
269,0.575681927766,23,0.012,15,1869.05606807,0.369641360284
11,0.57386027772,23,0.012,15,1614.80996156,0.228356083118
44,0.736232154457,23,0.021,15,2906.15142555,0.339428661821
173,0.538678551461,23,0.018,15,2156.51183082,0.278699119289
108,0.645122839763,23,0.018,15,2530.19041108,0.253905375257
242,0.779899898064,23,0.015,15,2526.04405264,0.264081401973
81,0.69807733358,23,0.016,15,3340.48079148,0.444499624835
248,0.534018060235,23,0.016,15,2884.46821843,0.318342740612
247,0.559266932149,23,0.014,15,2652.25788326,0.333409861652
98,0.647319614116,23,0.014,15,2559.62507543,0.343761500362
87,0.62946687738,23,0.014,15,2660.46223634,0.337009282463
245,0.616186467654,24,0.018,15,1590.98903387,0.184461525081
176,0.663497643585,24,0.022,15,3523.07708888,0.0819605856548
219,0.50811129288,24,0.012,15,1428.45409231,0.403662312988
66,0.667222662441,24,0.014,15,1953.48102419,0.44640804124
244,0.719616760857,24,0.013,15,1686.43076876,0.372645984986
67,0.652753947001,24,0.016,15,2391.33524692,0.215345171321
154,0.556861012208,24,0.013,15,1785.08320943,0.303140836612
84,0.618849047083,24,0.011,15,1373.82367777,0.362701352072
152,0.613827624777,24,0.014,15,1675.26327029,0.15261360945
24,0.556440376468,24,0.02,15,2195.93873543,0.162188726212
41,0.564832703063,24,0.016,15,1475.65282381,0.337591129458
142,0.58140317152,24,0.01,15,1322.87205672,0.354891779293
89,0.631805091119,24,0.013,15,1823.87959769,0.272544487339
250,0.647652789737,24,0.015,15,2087.10240892,0.137022976677
156,0.583379428708,24,0.011,15,1489.42111801,0.278602243918
146,0.80063805339,24,0.021,15,2448.3079556,0.169232729927
52,0.591698570808,24,0.014,15,1732.24811707,0.248149803493
3,0.630820122162,24,0.012,15,1312.84643263,0.219750987656
184,0.633903745157,24,0.012,15,1165.9110148,0.173201805227
36,0.625925198892,24,0.014,15,2419.28607886,0.364141433721
29,0.604700881112,24,0.014,15,1598.11110157,0.257721417406
30,0.521896402306,24,0.012,15,1884.46124363,0.4329126074
63,0.572939171044,31,0.021,15,5439.30791545,0.481251024543
86,0.728442954088,31,0.017,15,4181.23533751,0.195677040884
106,0.642882839617,31,0.011,15,3339.11206371,0.278705041091
95,0.702832211066,32,0.014,15,2532.51692595,0.236425411105
91,0.634304485064,32,0.011,15,1820.40953753,0.517814663943
169,0.540923404791,32,0.011,15,1554.81247736,0.315731543022
239,0.649578482649,32,0.017,15,2708.04402058,0.162552097348
10,0.592849552847,32,0.017,15,2734.83563439,0.278038120093
78,0.620192097996,32,0.015,15,2336.26862525,0.229795639499
79,0.64075890018,32,0.016,15,2572.3294447,0.118203487779
74,0.5862328455,32,0.014,15,2544.17603442,0.459955966671
75,0.569754298229,32,0.013,15,2396.35166706,0.266483453678
77,0.734651309234,32,0.012,15,1285.10644998,0.247338819154
208,0.589660250752,32,0.014,15,1643.05663073,0.522681228247
209,0.612255886873,32,0.013,15,1800.4006062,0.380104328167
141,0.534179185223,32,0.013,15,2308.93135949,0.522219742593
144,0.618681815052,32,0.016,15,1423.086675,0.280011031547
9,0.503453805794,32,0.013,15,1902.06530493,0.386050181682
5,0.581441570644,32,0.014,15,2660.6713726,0.464001475867
47,0.637241723431,32,0.013,15,2008.80339202,0.18499239376
48,0.724848536361,32,0.02,15,3143.34748443,0.420104908147
233,0.573186516496,32,0.016,15,2643.79201404,0.249051011963
232,0.715192588294,32,0.021,15,2169.32879071,0.401199700489
157,0.64784333704,32,0.023,15,3873.73020989,0.363064206869
116,0.397379546675,32,0.013,15,1105.99842412,0.49568325146
12,0.490793594186,32,0.013,15,1336.38912818,0.293792222491
13,0.897996661986,32,0.011,15,1424.43070291,0.519838016077
96,0.593860728741,32,0.012,15,1543.21843216,0.302081737777
99,0.559321206119,32,0.016,15,2899.46677449,0.556552949507
205,0.620347312671,32,0.015,15,2106.55125044,0.241225528418
126,0.740719983242,32,0.014,15,2121.08230953,0.531643976876
51,0.548563959623,32,0.017,15,2646.41434789,0.451100091825
134,0.615978798842,32,0.017,15,2034.31643016,0.156366949696
139,0.571261907069,32,0.027,15,3175.8775667,0.244968533184
273,0.628864994811,32,0.013,15,2394.81960052,0.369336479701
128,0.663940418054,32,0.022,15,2349.50862798,0.210123744723
7,0.531551026885,32,0.016,15,2091.93707281,0.195658441682
257,0.842062704968,32,0.016,15,1704.71497832,0.466927517437
206,0.622532129426,32,0.013,15,2260.23759758,0.388156285297
256,0.648954228572,32,0.016,15,1767.13848489,0.129468892461
80,0.636730007374,32,0.011,15,1911.93195176,0.258080986676
25,0.686478003533,32,0.016,15,2035.61391857,0.0898431138647
82,0.619226074496,32,0.012,15,2334.58075648,0.337106867868
26,0.684779930643,32,0.014,15,2371.50286506,0.343578156074
50,0.583717769031,32,0.011,15,1601.72192048,0.457479231699
113,0.601557068195,32,0.011,15,2433.24504199,0.418981343704
22,0.635406528679,32,0.012,15,1621.56184832,0.368092231692
258,0.577377618863,32,0.015,15,1634.51798545,0.28051740171
201,0.462643253641,32,0.02,15,1965.7660152,0.358472431722
192,0.610220970498,32,0.015,15,1853.48612459,0.201378490511
185,0.620092808129,32,0.012,15,2355.03909198,0.151935738967
191,0.683070636788,32,0.017,15,2321.22160111,0.316429590559
178,0.709818468506,32,0.014,15,2362.66068915,0.209178006768
4,0.58619103067,32,0.015,15,2245.8131002,0.20756322081
240,0.816491489609,32,0.013,15,2079.83070646,0.320537357712
102,0.715438006044,32,0.016,15,2694.74527711,0.396062350342
137,0.797995317186,32,0.012,15,2222.54037232,0.47135081736
118,0.698226865569,32,0.021,15,2169.62803044,0.202385975347
196,0.528284782736,32,0.014,15,2063.03800995,0.422931911806
189,0.514981893165,32,0.02,15,2434.087238,0.338255501494
186,0.55153068992,32,0.015,15,2752.39574485,0.418744264337
217,0.612258509519,32,0.013,15,1686.08866733,0.304886310444
167,0.617938952828,32,0.013,15,1857.5581318,0.217362683869
2,0.664976757078,32,0.01,15,1169.07920214,0.36792517951
165,0.641691459828,32,0.012,15,1692.67576227,0.324916371599
180,0.722187531473,32,0.027,15,2451.87589018,0.187148630016
181,0.656775718813,32,0.019,15,2166.62933758,0.0343028986182
203,0.532492830131,32,0.013,15,1920.18900896,0.4163204805
175,0.586095142647,32,0.014,15,2281.32468011,0.423384401323
101,0.733177150565,32,0.012,15,2442.46189707,0.336639717606
200,0.660455605953,32,0.025,15,2411.61515764,0.156813380848
59,0.639537405434,32,0.016,15,2473.48723144,0.183273881321
64,0.637343223849,32,0.014,15,2776.24578439,0.560660960803
62,0.576103486954,32,0.012,15,1607.87790546,0.379878355702
61,0.588287334686,32,0.014,15,2338.31613895,0.326588027371
133,0.512294552297,32,0.019,15,3188.61523863,0.144032581937
124,0.670966890409,32,0.013,15,1771.7329921,0.261968437973
131,0.824486087422,32,0.017,15,1656.34193932,0.575114396392
34,0.58338419008,32,0.011,15,1765.26845702,0.471941943979
35,0.454759502885,32,0.014,15,2092.82165203,0.700661556871
38,0.632528881984,32,0.011,15,1968.5459001,0.601647372843
39,0.625596365132,32,0.012,15,2190.76531108,0.392051576725
68,0.561949690091,32,0.014,15,1431.51619449,0.224088297112
121,0.677288357998,34,0.023,15,1026.35715278,0.11195175041
145,0.515193020387,34,0.013,15,2292.65787857,0.609631340707
119,0.624418989768,34,0.016,15,1788.55079589,0.13777302094
221,0.628100238473,34,0.018,15,1750.76957766,0.190584658655
8,0.646144863986,34,0.013,15,1720.38715202,0.286652281873
148,0.558121656481,34,0.016,15,1477.52154458,0.331675046869
160,0.656080288904,34,0.025,15,2707.82989954,0.464808149654
23,0.600762395329,34,0.015,15,1453.42891804,0.313581813878
21,0.514095617273,34,0.012,15,1321.33427593,0.371534972068
278,0.608223768833,34,0.015,15,1991.95460116,0.152700161447
130,0.509000455394,34,0.019,15,2469.14573973,0.190799249036
249,0.538645196005,34,0.013,15,1632.17711119,0.472754321908
227,0.695291048228,34,0.014,15,1410.07334342,0.467235968564
218,0.54478281221,34,0.009,15,1317.9348031,0.588725404105
210,0.980712432308,34,0.006,15,1413.12434411,0.542918937556
163,0.545694879979,34,0.013,15,1454.96482991,0.383652543867
166,0.635597663962,34,0.013,15,1684.22866053,0.50993744833
231,0.439657057193,34,0.016,15,1914.94404142,0.551221650399
56,0.662598974687,34,0.01,15,1877.55438031,0.329240263764
187,0.430966165213,34,0.006,15,1035.03471872,0.782276663704
162,0.48783296961,34,0.013,15,1200.90179486,0.343664899791
90,0.64548712732,34,0.019,15,1714.2758805,0.107304848665
97,0.629791758991,34,0.014,15,1723.28992051,0.283264988549
65,0.703388088732,34,0.015,15,2256.29236842,0.125081892143
223,0.719474411322,34,0.02,15,860.945801957,0.163847633719
14,0.5809363076,34,0.01,15,1310.53769116,0.494788531081
246,0.636031799579,34,0.021,15,2086.12457218,0.265937767035
18,0.754267621584,34,0.021,15,980.909375335,0.225618340495
103,0.433680183432,34,0.02,15,1781.81255277,0.530888614334
109,0.518102334785,34,0.013,15,1539.95414375,0.324571591842
255,0.546151663117,34,0.01,15,1251.494231,0.514507234889
153,0.38824935342,34,0.012,15,1549.44062677,0.557421482383
125,0.538945390203,34,0.011,15,1739.41964008,0.371152129915
155,0.599650013165,34,0.013,15,1656.48981885,0.32080196318
238,0.58924531297,34,0.015,15,1931.6734131,0.390380885533
112,0.692867801513,34,0.014,15,1440.91982709,0.642211964132
207,0.571562628533,34,0.013,15,2339.98335478,0.433392126082
235,0.588760363478,34,0.016,15,1741.03789833,0.299592896036
111,0.475136684234,34,0.014,15,1558.14232798,0.313888548622
115,0.816720315826,34,0.018,15,1353.52515975,0.115333728433
197,0.643464768154,34,0.012,15,1437.51407343,0.417090287942
195,0.644595178375,34,0.012,15,1698.59920651,0.313381182792
49,0.65605385045,34,0.009,15,1231.72200645,0.557976239262
179,0.565388282205,34,0.012,15,1492.93431965,0.34411568301
53,0.653025839496,34,0.014,15,1712.23283882,0.201714934345
45,0.481830391878,34,0.01,15,1136.9217158,0.501537371472
40,0.662701534009,34,0.015,15,1896.26275911,0.200499183304
83,0.423539149146,34,0.012,15,1443.6052644,0.57687923786
216,0.658703904395,34,0.015,15,1374.55291162,0.191795314932
